Aberdeen,http://www.parkrun.org/aberdeen/,Aberdeen,57.149717,-2.094278
Aberystwyth,http://www.parkrun.org/aberystwyth/,Aldenham,51.6635,-0.328032
Abingdon,http://www.parkrun.org/abingdon/,Aberystwyth,52.415303,-4.08292
Albert,http://www.parkrun.org/albert/,Abingdon,36.7098335,-81.9773482
Aldenham,http://www.parkrun.org/aldenham/,Alice Holt,51.166858,-0.8452515
Alice Holt,http://www.parkrun.org/aliceholt/,Ally Pally,51.5941783,-0.1307733
Ally Pally,http://www.parkrun.org/allypally/,Andover,42.6583356,-71.1367953
Andover,http://www.parkrun.org/andover/,Albert,53.9332706,-116.5765035
Antrim,http://www.parkrun.org/antrim/,Antrim,43.0308557,-71.9389194
Armagh,http://www.parkrun.org/armagh/,Armagh,54.3502798,-6.652792
Arrow Valley,http://www.parkrun.org/arrowvalley/,Arrow Valley,52.307771,-1.9054681
Ashford,http://www.parkrun.org/ashford/,Ashford,32.8273269,-117.141995
Ashton Court,http://www.parkrun.org/ashtoncourt/,Ayr,40.726579,-73.9953125
Aylesbury,http://www.parkrun.org/aylesbury/,Banbury,52.0629009,-1.339775
Ayr,http://www.parkrun.org/ayr/,Banstead Woods,51.3095158,-0.1903225
Banbury,http://www.parkrun.org/banbury/,Barking,51.536563,0.075766
Bangor,http://www.parkrun.org/bangor/,Aylesbury,51.815606,-0.8084
Banstead Woods,http://www.parkrun.org/bansteadwoods/,Bangor,44.8011821,-68.7778138
Barclay,http://www.parkrun.org/barclay/,Barnsley,53.55263,-1.479726
Barking,http://www.parkrun.org/barking/,Barnstaple,51.0781599,-4.058338
Barnsley,http://www.parkrun.org/barnsley/,Barclay,31.0765704,-97.1094382
Barnstaple,http://www.parkrun.org/barnstaple/,Ashton Court,27.2747408,-82.476418
Barrow,http://www.parkrun.org/barrow/,Bedfont Lakes,51.441243,-0.4523217
Barry Island,http://www.parkrun.org/barryisland/,Barrow,71.2905556,-156.7886111
Basildon,http://www.parkrun.org/basildon/,Barry Island,51.3930556,-3.2688889
Basingstoke,http://www.parkrun.org/basingstoke/,Basildon,51.576084,0.488736
Bath Skyline,http://www.parkrun.org/bathskyline/,Basingstoke,51.26654,-1.0923964
Beckenham Place,http://www.parkrun.org/beckenhamplace/,Bath Skyline,51.383876,-2.3419556
Beckton,http://www.parkrun.org/beckton/,Beckenham Place,51.4202857,-0.0180674
Bedfont Lakes,http://www.parkrun.org/bedfontlakes/,Beckton,51.5104929,0.067811
Bedford,http://www.parkrun.org/bedford/,Bedgebury Pinetum,51.072571,0.447594
Bedgebury Pinetum,http://www.parkrun.org/bedgeburypinetum/,Beeston,52.92392,-1.212394
Beeston,http://www.parkrun.org/beeston/,Bedford,41.3931096,-81.5365094
Belfast Victoria,http://www.parkrun.org/belfastvictoria/,Belfast Victoria,54.5984075,-5.926744
Belton House,http://www.parkrun.org/beltonhouse/,Bevendean Down,50.8283252,-0.1204015
Bestwood Village,http://www.parkrun.org/bestwoodvillage/,Bestwood Village,52.998878,-1.160511
Bevendean Down,http://www.parkrun.org/bevendeandown/,Belton House,52.9436829,-0.6186084
Bexley,http://www.parkrun.org/bexley/,Bexley,39.9689532,-82.9376804
Bicester,http://www.parkrun.org/bicester/,Bicester,51.899603,-1.1535899
Bideford,http://www.parkrun.org/bideford/,Bideford,51.016684,-4.206666
Birkenhead,http://www.parkrun.org/birkenhead/,Birkenhead,53.389991,-3.023009
Black Park,http://www.parkrun.org/blackpark/,Black Park,51.5395974,-0.5503115
Blackhill,http://www.parkrun.org/blackhill/,Blackhill,54.8610083,-1.8495172
Blackpool,http://www.parkrun.org/blackpool/,Blackpool,53.8175053,-3.0356748
Blandford,http://www.parkrun.org/blandford/,Blandford,42.1806463,-72.9273224
Blickling,http://www.parkrun.org/blickling/,Blickling,52.811731,1.231647
Bognor Regis,http://www.parkrun.org/bognorregis/,Bognor Regis,50.782998,-0.673061
Bolton,http://www.parkrun.org/bolton/,Bolton,44.3726476,-72.8787625
Boston,http://www.parkrun.org/boston/,Boston,42.3600825,-71.0588801
Bournemouth,http://www.parkrun.org/bournemouth/,Bramhall Park,37.3044809,-121.9089998
Bracknell,http://www.parkrun.org/bracknell/,Bracknell,51.41604,-0.75398
Bradford,http://www.parkrun.org/bradford/,Bournemouth,50.719164,-1.880769
Bramhall Park,http://www.parkrun.org/bramhallpark/,Brandon Country Park,52.4360558,0.6252053
Bramley,http://www.parkrun.org/bramley/,Bramley,51.1948099,-0.55903
Brandon Country Park,http://www.parkrun.org/brandoncountrypark/,Bradford,41.9564953,-78.649163
Braunstone,http://www.parkrun.org/braunstone/,Braunstone,52.6098868,-1.177021
Brentwood,http://www.parkrun.org/brentwood/,Brentwood,34.0521011,-118.4732464
Brierley Forest,http://www.parkrun.org/brierleyforest/,Brierley Forest,53.1333536,-1.2902928
Brighouse,http://www.parkrun.org/brighouse/,Brighouse,53.699729,-1.782501
Brighton & Hove,http://www.parkrun.org/brighton&hove/,Brighton & Hove,50.8279319,-0.168749
Brockenhurst,http://www.parkrun.org/brockenhurst/,Brockenhurst,50.818863,-1.575726
Brockwell,http://www.parkrun.org/brockwell/,Brockwell,36.1431406,-91.9259014
Bromley,http://www.parkrun.org/bromley/,Bromley,43.2135167,-72.9348876
Brueton,http://www.parkrun.org/brueton/,Brundall,52.624025,1.436542
Brundall,http://www.parkrun.org/brundall/,Bryn Bach,51.7845,-3.2699
Bryn Bach,http://www.parkrun.org/brynbach/,Brueton,40.6479825,-73.5727358
Buckingham,http://www.parkrun.org/buckingham/,Buckingham,37.5518299,-78.5545165
Burgess,http://www.parkrun.org/burgess/,Bushy Park,39.3015791,-77.0223595
Burnage,http://www.parkrun.org/burnage/,Burgess,37.8831862,-76.3477246
Burnham and Highbridge,http://www.parkrun.org/burnhamandhighbridge/,Burnham and Highbridge,51.2249769,-2.9780325
Burnley,http://www.parkrun.org/burnley/,Burnage,53.42816,-2.202588
Bury St Edmunds,http://www.parkrun.org/burystedmunds/,Burnley,53.7892877,-2.2405035
Bushy Park,http://www.parkrun.org/bushypark/,Bury St Edmunds,52.2429228,0.7104932
Cambridge,http://www.parkrun.org/cambridge/,Cambridge,52.205337,0.121817
Camperdown,http://www.parkrun.org/camperdown/,Camperdown,-33.89013,151.17988
Cannock Chase,http://www.parkrun.org/cannockchase/,Cannock Chase,52.7183027,-1.9858812
Cannon Hill,http://www.parkrun.org/cannonhill/,Cannon Hill,-27.473,153.097
Canons Park,http://www.parkrun.org/canonspark/,Canons Park,51.608215,-0.292154
Canterbury,http://www.parkrun.org/canterbury/,Canterbury,51.280233,1.0789089
Cardiff,http://www.parkrun.org/cardiff/,Cardiff,51.481581,-3.17909
Carlisle,http://www.parkrun.org/carlisle/,Carrickfergus,54.7261871,-5.8101207
Carrickfergus,http://www.parkrun.org/carrickfergus/,Cassiobury,51.6597222,-0.4166667
Cassiobury,http://www.parkrun.org/cassiobury/,Catton,54.913674,-2.269626
Catton,http://www.parkrun.org/catton/,Chadderton Hall,53.554436,-2.1591113
Chadderton Hall,http://www.parkrun.org/chaddertonhall/,Cheadle Hulme,53.380149,-2.193189
Cheadle Hulme,http://www.parkrun.org/cheadlehulme/,Chelmsford Central,51.7355144,0.4604366
Chelmsford Central,http://www.parkrun.org/chelmsfordcentral/,Carlisle,40.2010241,-77.2002745
Cheltenham,http://www.parkrun.org/cheltenham/,Cheltenham,40.0812601,-75.1370254
Chester,http://www.parkrun.org/chester/,Chichester,50.83761,-0.774936
Chichester,http://www.parkrun.org/chichester/,Chippenham,51.461514,-2.1195157
Chippenham,http://www.parkrun.org/chippenham/,Chipping Sodbury,51.5351659,-2.3909379
Chipping Sodbury,http://www.parkrun.org/chippingsodbury/,Citypark,29.99316,-90.098662
Citypark,http://www.parkrun.org/citypark/,Clacton Seafront,51.789534,1.153035
Clacton Seafront,http://www.parkrun.org/clactonseafront/,Clair,42.761522,2.948939
Clair,http://www.parkrun.org/clair/,Cleethorpes,53.557378,-0.029435
Cleethorpes,http://www.parkrun.org/cleethorpes/,Clumber Park,53.267705,-1.0635105
Clumber Park,http://www.parkrun.org/clumberpark/,Colby,44.5638691,-69.6626362
Colby,http://www.parkrun.org/colby/,Colchester Castle,51.8905167,0.9030108
Colchester Castle,http://www.parkrun.org/colchestercastle/,Chester,53.193392,-2.893075
Colin Glen,http://www.parkrun.org/colinglen/,Colin Glen,54.566109,-6.014446
Colwick,http://www.parkrun.org/colwick/,Colwick,52.9563599,-1.086378
Comber,http://www.parkrun.org/comber/,Comber,54.5504547,-5.7456751
Concord,http://www.parkrun.org/concord/,Congleton,53.162856,-2.218923
Congleton,http://www.parkrun.org/congleton/,Conkers,52.7418333,-1.5429879
Conkers,http://www.parkrun.org/conkers/,Conwy,53.282872,-3.82948
Conwy,http://www.parkrun.org/conwy/,Corby,52.4922983,-0.6842333
Corby,http://www.parkrun.org/corby/,Concord,43.2081366,-71.5375718
Coventry,http://www.parkrun.org/coventry/,Coventry,52.406822,-1.519693
Crane Park,http://www.parkrun.org/cranepark/,Cranleigh,51.141073,-0.483985
Cranleigh,http://www.parkrun.org/cranleigh/,Crane Park,38.4938026,-122.4655757
Crosby,http://www.parkrun.org/crosby/,Croxteth Hall,53.442,-2.891
Cross Flatts,http://www.parkrun.org/crossflatts/,Cross Flatts,53.857339,-1.845835
Croxteth Hall,http://www.parkrun.org/croxtethhall/,Crosby,29.9118885,-95.0621512
Crystal Palace,http://www.parkrun.org/crystalpalace/,Cwmbran,51.6496546,-3.0317889
Cuerden Valley,http://www.parkrun.org/cuerdenvalley/,Dartford,51.44621,0.216872
Cwmbran,http://www.parkrun.org/cwmbran/,Cuerden Valley,53.701593,-2.655843
Dalby Forest,http://www.parkrun.org/dalbyforest/,Dalby Forest,54.3062946,-0.59966
Darlington South Park,http://www.parkrun.org/darlingtonsouthpark/,Crystal Palace,35.385596,-119.042547
Dartford,http://www.parkrun.org/dartford/,Daventry,52.257473,-1.164947
Daventry,http://www.parkrun.org/daventry/,Darlington South Park,54.5159073,-1.5576361
Delamere,http://www.parkrun.org/delamere/,Delamere,46.2592932,-97.4428978
Derry City,http://www.parkrun.org/derrycity/,Derry City,42.8806437,-71.3273346
Dewsbury,http://www.parkrun.org/dewsbury/,Dewsbury,53.689833,-1.6296949
Didcot,http://www.parkrun.org/didcot/,Didcot,51.608044,-1.24484
Dolgellau,http://www.parkrun.org/dolgellau/,Dolgellau,52.74215,-3.8844
Doncaster,http://www.parkrun.org/doncaster/,Doncaster,53.52282,-1.128462
Drumchapel,http://www.parkrun.org/drumchapel/,Drumchapel,55.910752,-4.376152
Druridge Bay,http://www.parkrun.org/druridgebay/,Druridge Bay,55.3031908,-1.5469401
Dudley,http://www.parkrun.org/dudley/,Dudley,42.0433661,-71.9276033
Dulwich,http://www.parkrun.org/dulwich/,Dulwich,51.441868,-0.084805
Dunfermline,http://www.parkrun.org/dunfermline/,Dunfermline,56.071741,-3.452151
Durham,http://www.parkrun.org/durham/,Durham,35.9940329,-78.898619
Eastbourne,http://www.parkrun.org/eastbourne/,Ecos,49.158996,1.604676
Eastleigh,http://www.parkrun.org/eastleigh/,Eastbourne,50.768035,0.290472
Ecos,http://www.parkrun.org/ecos/,Eastleigh,50.967182,-1.374688
Edinburgh,http://www.parkrun.org/edinburgh/,Edinburgh,55.953252,-3.188267
Eglinton,http://www.parkrun.org/eglinton/,Eglinton,43.7248531,-79.3051212
Elgin,http://www.parkrun.org/elgin/,Elgin,42.0354084,-88.2825668
Ellenbrook Fields,http://www.parkrun.org/ellenbrookfields/,Ellenbrook Fields,51.7653782,-0.2540453
Ellesmere Port,http://www.parkrun.org/ellesmereport/,Ellesmere Port,53.279812,-2.897404
Ellon,http://www.parkrun.org/ellon/,Ellon,57.364597,-2.072972
Enniskillen,http://www.parkrun.org/enniskillen/,Exeter Riverside,50.7163482,-3.5367237
Erddig,http://www.parkrun.org/erddig/,Fareham,50.8548464,-1.1865868
Evesham,http://www.parkrun.org/evesham/,Fell Foot,54.2744251,-2.9512284
Exeter Riverside,http://www.parkrun.org/exeterriverside/,Finsbury Park,51.563296,-0.107435
Falkirk,http://www.parkrun.org/falkirk/,Falkirk,56.0018775,-3.7839131
Falls,http://www.parkrun.org/falls/,Falls,41.4601704,-75.8469168
Fareham,http://www.parkrun.org/fareham/,Folkestone,51.081397,1.169456
Fell Foot,http://www.parkrun.org/fellfoot/,Erddig,53.0258345,-3.0060347
Finsbury Park,http://www.parkrun.org/finsburypark/,Enniskillen,54.3438243,-7.6315336
Folkestone,http://www.parkrun.org/folkestone/,Evesham,39.8522951,-74.8857989
Forest of Dean,http://www.parkrun.org/forestofdean/,Forest Rec,37.3329596,-79.2884521
Forest Rec,http://www.parkrun.org/forestrec/,Frimley Lodge,51.2980453,-0.7279815
Fountains Abbey,http://www.parkrun.org/fountainsabbey/,Fritton Lake,52.543519,1.6520182
Frimley Lodge,http://www.parkrun.org/frimleylodge/,Gadebridge,51.765095,-0.488846
Fritton Lake,http://www.parkrun.org/frittonlake/,Gateshead,54.95268,-1.603411
Fulham Palace,http://www.parkrun.org/fulhampalace/,Fountains Abbey,54.109512,-1.58186
Gadebridge,http://www.parkrun.org/gadebridge/,Fulham Palace,51.470557,-0.215842
Gainsborough,http://www.parkrun.org/gainsborough/,Forest of Dean,51.7999835,-2.5519169
Ganavan Sands,http://www.parkrun.org/ganavansands/,Ganavan Sands,56.437328,-5.470061
Gateshead,http://www.parkrun.org/gateshead/,Gainsborough,53.400575,-0.774465
Gedling,http://www.parkrun.org/gedling/,Gedling,52.973455,-1.0800559
Gibside,http://www.parkrun.org/gibside/,Gibside,54.9206847,-1.7259692
Gladstone,http://www.parkrun.org/gladstone/,Gnoll,46.7514057,8.1282175
Glossop,http://www.parkrun.org/glossop/,Goole,53.702941,-0.876381
Gloucester North,http://www.parkrun.org/gloucesternorth/,Gladstone,45.3806761,-122.5948139
Gnoll,http://www.parkrun.org/gnoll/,Glossop,53.4433284,-1.948907
Goole,http://www.parkrun.org/goole/,Gloucester North,51.8642449,-2.238156
Gorleston,http://www.parkrun.org/gorleston/,Gorleston,52.570645,1.734211
Grangemoor,http://www.parkrun.org/grangemoor/,Grangemoor,53.640565,-1.6664152
Graves,http://www.parkrun.org/graves/,Graves,36.6887728,-88.7108964
Great Cornard,http://www.parkrun.org/greatcornard/,Great Cornard,52.030338,0.746098
Great Lines,http://www.parkrun.org/greatlines/,Great Lines,21.3243414,-157.8825715
Great Notley,http://www.parkrun.org/greatnotley/,Guernsey,49.465691,-2.585278
Greenock,http://www.parkrun.org/greenock/,Guildford,51.23622,-0.570409
Greenwich,http://www.parkrun.org/greenwich/,Greenock,55.956476,-4.771983
Grovelands,http://www.parkrun.org/grovelands/,Greenwich,51.4825766,-0.0076589
Guernsey,http://www.parkrun.org/guernsey/,Grovelands,50.8256345,-0.1415723
Guildford,http://www.parkrun.org/guildford/,Gunnersbury,51.493352,-0.278887
Gunnersbury,http://www.parkrun.org/gunnersbury/,Gunpowder,39.4148299,-76.3877382
Gunpowder,http://www.parkrun.org/gunpowder/,Hackney Marshes,51.5572799,-0.0308427
Hackney Marshes,http://www.parkrun.org/hackneymarshes/,Hackworth,36.817761,-76.267646
Hackworth,http://www.parkrun.org/hackworth/,Hadleigh,52.0450779,0.952647
Hadleigh,http://www.parkrun.org/hadleigh/,Haigh Woodland,53.5694379,-2.6103332
Haigh Woodland,http://www.parkrun.org/haighwoodland/,Harrogate,53.99212,-1.541812
Halifax,http://www.parkrun.org/halifax/,Harlow,45.5119002,-122.6260902
Hampstead Heath,http://www.parkrun.org/hampsteadheath/,Harcourt Hill,51.7399291,-1.2912303
Hanley,http://www.parkrun.org/hanley/,Harwich,41.6716498,-70.0622231
Harcourt Hill,http://www.parkrun.org/harcourthill/,Great Notley,51.8581564,0.5241528
Harlow,http://www.parkrun.org/harlow/,Harrow,51.580559,-0.341995
Harrogate,http://www.parkrun.org/harrogate/,Harrow Lodge,51.5610803,0.2079906
Harrow,http://www.parkrun.org/harrow/,Hartlepool,54.691745,-1.212926
Harrow Lodge,http://www.parkrun.org/harrowlodge/,Hampstead Heath,51.5608421,-0.1631376
Hartlepool,http://www.parkrun.org/hartlepool/,Hanley,53.023414,-2.1723921
Harwich,http://www.parkrun.org/harwich/,Halifax,44.6488625,-63.5753196
Hastings,http://www.parkrun.org/hastings/,Hazlehead,57.137856,-2.181418
Hatfield Forest,http://www.parkrun.org/hatfieldforest/,Heaton Park,53.5338542,-2.2551576
Havant,http://www.parkrun.org/havant/,Havant,50.8518324,-0.9847132
Hazlehead,http://www.parkrun.org/hazlehead/,Highbury Fields,51.5498645,-0.1020634
Heaton Park,http://www.parkrun.org/heatonpark/,Hillsborough,27.9903597,-82.3017728
Hereford,http://www.parkrun.org/hereford/,Hilly Fields,30.4273986,-84.2390634
Highbury Fields,http://www.parkrun.org/highburyfields/,Hockley Woods,51.6004033,0.6467396
Hillsborough,http://www.parkrun.org/hillsborough/,Hatfield Forest,51.859975,0.229153
Hilly Fields,http://www.parkrun.org/hillyfields/,Holkham,52.9464842,0.8092327
Hockley Woods,http://www.parkrun.org/hockleywoods/,Hastings,44.7443293,-92.8513706
Holkham,http://www.parkrun.org/holkham/,Hereford,52.056398,-2.715974
Homewood,http://www.parkrun.org/homewood/,Huddersfield,53.645792,-1.785035
Horsham,http://www.parkrun.org/horsham/,Homewood,41.5572567,-87.6656014
Horton Park,http://www.parkrun.org/hortonpark/,Humber Bridge,53.7199537,-0.4509168
Hove Promenade,http://www.parkrun.org/hovepromenade/,Hull,53.7456709,-0.3367413
Huddersfield,http://www.parkrun.org/huddersfield/,Hove Promenade,50.8235231,-0.1659795
Hull,http://www.parkrun.org/hull/,Horsham,40.1784422,-75.1285061
Humber Bridge,http://www.parkrun.org/humberbridge/,Inverness,57.477773,-4.224721
Huntingdon,http://www.parkrun.org/huntingdon/,Horton Park,32.7149791,-117.1614861
Hyde,http://www.parkrun.org/hyde/,Huntingdon,32.3504918,-86.2863163
Inverness,http://www.parkrun.org/inverness/,Hyde,53.452977,-2.082786
Ipswich,http://www.parkrun.org/ipswich/,Ipswich,42.6791832,-70.8411558
Jersey,http://www.parkrun.org/jersey/,Jersey,49.214439,-2.13125
Kesgrave,http://www.parkrun.org/kesgrave/,Kingston,44.2311717,-76.4859544
Keswick,http://www.parkrun.org/keswick/,Kesgrave,52.062567,1.233907
Kettering,http://www.parkrun.org/kettering/,King’s Lynn,52.7516798,0.4022963
Killerton,http://www.parkrun.org/killerton/,Kingsbury Water,52.5654279,-1.6953762
King’s Lynn,http://www.parkrun.org/king’slynn/,Keswick,38.0134293,-78.3586224
Kingsbury Water,http://www.parkrun.org/kingsburywater/,Kingsway,39.7610121,-75.2907228
Kingston,http://www.parkrun.org/kingston/,Killerton,50.7915355,-3.4578394
Kingsway,http://www.parkrun.org/kingsway/,Kettering,39.6895036,-84.1688274
Kirkcaldy,http://www.parkrun.org/kirkcaldy/,Knowsley,53.4328247,-2.8279791
Knowsley,http://www.parkrun.org/knowsley/,Kirkcaldy,56.1168249,-3.158137
Lancaster,http://www.parkrun.org/lancaster/,Lanhydrock,50.4447677,-4.6986337
Lanhydrock,http://www.parkrun.org/lanhydrock/,Leamington,42.0531634,-82.5998874
Larne,http://www.parkrun.org/larne/,Lee-on-the-Solent,50.8020939,-1.202352
Leamington,http://www.parkrun.org/leamington/,,,
Lee-on-the-Solent,http://www.parkrun.org/lee-on-the-solent/,,,
Leicester Victoria,http://www.parkrun.org/leicestervictoria/,Lincoln,40.8257625,-96.6851982
Limavady,http://www.parkrun.org/limavady/,Leicester Victoria,52.6240284,-1.1186451
Lincoln,http://www.parkrun.org/lincoln/,Limavady,55.0454563,-6.9336758
Linford Wood,http://www.parkrun.org/linfordwood/,Linwood,39.3398382,-74.5751557
Linwood,http://www.parkrun.org/linwood/,Llyn Llech Owain,51.8135795,-4.0825126
Livingston,http://www.parkrun.org/livingston/,Longrun Meadow,51.0197384,-3.1181927
Llanelli Coast,http://www.parkrun.org/llanellicoast/,Llanelli Coast,51.6828488,-4.1591367
Lloyd,http://www.parkrun.org/lloyd/,Lloyd,41.7362044,-74.0054176
Llyn Llech Owain,http://www.parkrun.org/llynllechowain/,Livingston,40.7862871,-74.3300842
Long Eaton,http://www.parkrun.org/longeaton/,Linford Wood,52.0587203,-0.7607788
Longrun Meadow,http://www.parkrun.org/longrunmeadow/,Long Eaton,52.898446,-1.269778
Lowestoft,http://www.parkrun.org/lowestoft/,Lymington Woodside,50.745717,-1.546645
Ludlow,http://www.parkrun.org/ludlow/,Lytham Hall,53.7440792,-2.9765224
Lullingstone,http://www.parkrun.org/lullingstone/,Maldon Prom,51.723245,0.68963
Luton Wardown,http://www.parkrun.org/lutonwardown/,Luton Wardown,51.89162,-0.4202352
Lydney,http://www.parkrun.org/lydney/,Lydney,51.72913,-2.530504
Lyme Park,http://www.parkrun.org/lymepark/,Lullingstone,51.363937,0.1963555
Lymington Woodside,http://www.parkrun.org/lymingtonwoodside/,Lowestoft,52.481138,1.753449
Lytham Hall,http://www.parkrun.org/lythamhall/,Maidenhead,51.522414,-0.7219
Maidenhead,http://www.parkrun.org/maidenhead/,Maidstone,51.270363,0.522699
Maidstone,http://www.parkrun.org/maidstone/,Lyme Park,53.3381672,-2.0551066
Maldon Prom,http://www.parkrun.org/maldonprom/,Ludlow,42.1600936,-72.475919
Malling,http://www.parkrun.org/malling/,Medina I.O.W.,41.143245,-81.8552196
Mansfield,http://www.parkrun.org/mansfield/,Malling,56.0374322,10.1920561
March,http://www.parkrun.org/march/,March,52.551716,0.088622
Margate,http://www.parkrun.org/margate/,Mersea Island,51.7903487,0.9509778
Markeaton,http://www.parkrun.org/markeaton/,Markeaton,52.9329786,-1.5080718
Market Harborough,http://www.parkrun.org/marketharborough/,Melton Mowbray,52.766404,-0.887126
Marple,http://www.parkrun.org/marple/,Mile End,40.6874549,-73.9870978
Medina I.O.W.,http://www.parkrun.org/medinai.o.w./,Mansfield,32.5631924,-97.1416768
Melton Mowbray,http://www.parkrun.org/meltonmowbray/,Margate,26.2445263,-80.206436
Mersea Island,http://www.parkrun.org/merseaisland/,Marple,53.397349,-2.061683
Mile End,http://www.parkrun.org/mileend/,Market Harborough,52.475769,-0.921517
Millom,http://www.parkrun.org/millom/,Milton Keynes,52.0406224,-0.7594171
Milton Keynes,http://www.parkrun.org/miltonkeynes/,Newcastle,54.978252,-1.61778
Minehead,http://www.parkrun.org/minehead/,Moors Valley,50.8506637,-1.8480094
Moors Valley,http://www.parkrun.org/moorsvalley/,MUSA Cookstown,54.6160129,-6.7357591
Mount Edgcumbe,http://www.parkrun.org/mountedgcumbe/,Minehead,51.20428,-3.481152
Mulbarton,http://www.parkrun.org/mulbarton/,Millom,54.212073,-3.272847
MUSA Cookstown,http://www.parkrun.org/musacookstown/,Netley Abbey,50.8787656,-1.35729
Netley Abbey,http://www.parkrun.org/netleyabbey/,Mount Edgcumbe,50.3596784,-4.1762807
Newark,http://www.parkrun.org/newark/,Mulbarton,52.564165,1.233985
Newbury,http://www.parkrun.org/newbury/,Newbury,42.7649497,-70.8714528
Newcastle,http://www.parkrun.org/newcastle/,Newark,40.735657,-74.1723667
Newent,http://www.parkrun.org/newent/,Norwich,52.6308859,1.297355
Newport,http://www.parkrun.org/newport/,Northampton,42.3250896,-72.6412013
Nonsuch,http://www.parkrun.org/nonsuch/,Newent,51.929281,-2.404578
Northala Fields,http://www.parkrun.org/northalafields/,Northala Fields,51.5400896,-0.3732454
Northallerton,http://www.parkrun.org/northallerton/,Oakwell Hall,53.7399037,-1.6718848
Northampton,http://www.parkrun.org/northampton/,Northallerton,54.337961,-1.429959
Norwich,http://www.parkrun.org/norwich/,Nonsuch,53.2987607,-6.2644036
Nostell,http://www.parkrun.org/nostell/,Old Deer Park,51.4691552,-0.2961593
Oak Hill,http://www.parkrun.org/oakhill/,Nostell,53.6527062,-1.3900437
Oakwell Hall,http://www.parkrun.org/oakwellhall/,Newport,41.4901024,-71.3128285
Old Deer Park,http://www.parkrun.org/olddeerpark/,Oak Hill,36.5992443,-81.337768
Oldham,http://www.parkrun.org/oldham/,Oldham,53.5409298,-2.1113659
Omagh,http://www.parkrun.org/omagh/,Osterley,51.481358,-0.350519
Ormeau,http://www.parkrun.org/ormeau/,Pegwell Bay,51.3230142,1.3726985
Ormskirk,http://www.parkrun.org/ormskirk/,Omagh,54.5977149,-7.3099596
Orpington,http://www.parkrun.org/orpington/,Panshanger,51.796241,-0.109507
Osterley,http://www.parkrun.org/osterley/,Peckham Rye,51.4605,-0.0608015
Oxford,http://www.parkrun.org/oxford/,Orpington,51.374843,0.094214
Panshanger,http://www.parkrun.org/panshanger/,Ormeau,-27.783333,153.266667
Parke,http://www.parkrun.org/parke/,Oxford,51.7520209,-1.2577263
Peckham Rye,http://www.parkrun.org/peckhamrye/,Ormskirk,53.568935,-2.885057
Pegwell Bay,http://www.parkrun.org/pegwellbay/,Parke,39.6992946,-87.1422895
Penallta,http://www.parkrun.org/penallta/,Perth,-31.9505269,115.8604572
Pendle,http://www.parkrun.org/pendle/,Peterborough,52.5694985,-0.2405299
Pennington Flash,http://www.parkrun.org/penningtonflash/,Penrith,54.664097,-2.752708
Penrhyn,http://www.parkrun.org/penrhyn/,Pennington Flash,53.4876527,-2.5408603
Penrith,http://www.parkrun.org/penrith/,Penallta,51.6548905,-3.243612
Penrose,http://www.parkrun.org/penrose/,Perry Hall,39.4126073,-76.463574
Perry Hall,http://www.parkrun.org/perryhall/,Pendle,53.8694562,-2.1639879
Perth,http://www.parkrun.org/perth/,Penrose,38.4250001,-105.0227624
Peter Pan,http://www.parkrun.org/peterpan/,Penrhyn,-9.005122,-157.9762097
Peterborough,http://www.parkrun.org/peterborough/,Phoenix,33.4483771,-112.0740373
Phoenix,http://www.parkrun.org/phoenix/,Peter Pan,41.8546078,-71.4060873
Plymvalley,http://www.parkrun.org/plymvalley/,Poole,50.71505,-1.987248
Pollok,http://www.parkrun.org/pollok/,Pomphrey Hill,51.481263,-2.477267
Pomphrey Hill,http://www.parkrun.org/pomphreyhill/,Pontypridd,51.600774,-3.342314
Pontefract,http://www.parkrun.org/pontefract/,Porthcawl,51.478968,-3.705163
Pontypool,http://www.parkrun.org/pontypool/,Plymvalley,50.3947096,-4.0825856
Pontypridd,http://www.parkrun.org/pontypridd/,Pollok,31.4465701,-94.8721556
Poole,http://www.parkrun.org/poole/,Pontypool,51.700369,-3.045268
Poolsbrook,http://www.parkrun.org/poolsbrook/,Portrush,55.2041945,-6.6526709
Porthcawl,http://www.parkrun.org/porthcawl/,Pontefract,53.691688,-1.308648
Portobello,http://www.parkrun.org/portobello/,Poolsbrook,53.256734,-1.340699
Portrush,http://www.parkrun.org/portrush/,Portobello,41.0157539,-74.2530074
Portsmouth Lakeside,http://www.parkrun.org/portsmouthlakeside/,Redcar,54.5974636,-1.0779515
Preston,http://www.parkrun.org/preston/,Portsmouth Lakeside,50.8409587,-1.0826408
Preston Park,http://www.parkrun.org/prestonpark/,Reading,40.3356483,-75.9268747
Princes,http://www.parkrun.org/princes/,Prudhoe Riverside,54.9660553,-1.8661187
Prudhoe Riverside,http://www.parkrun.org/prudhoeriverside/,Pymmes,51.6159902,-0.0728997
Pymmes,http://www.parkrun.org/pymmes/,Preston Park,41.8811966,-75.3560095
Queen Elizabeth,http://www.parkrun.org/queenelizabeth/,Raphael,41.0347251,-72.4606014
Queens,http://www.parkrun.org/queens/,Preston,53.763201,-2.70309
Raphael,http://www.parkrun.org/raphael/,Queens,40.7282239,-73.7948516
Reading,http://www.parkrun.org/reading/,Queen Elizabeth,32.6518994,-97.1503279
Redcar,http://www.parkrun.org/redcar/,Princes,26.0970353,-80.1234519
Reigate Priory,http://www.parkrun.org/reigatepriory/,Rosliston,52.7470453,-1.638062
Richmond Park,http://www.parkrun.org/richmondpark/,Rostrevor,54.10073,-6.2004
Rickmansworth,http://www.parkrun.org/rickmansworth/,Riddlesdown,51.3257126,-0.087897
Riddlesdown,http://www.parkrun.org/riddlesdown/,Richmond Park,53.425377,-2.9496594
Rising Sun,http://www.parkrun.org/risingsun/,Riverside,33.9533487,-117.3961564
Riverfront,http://www.parkrun.org/riverfront/,Rising Sun,39.6978871,-76.0627266
Riverside,http://www.parkrun.org/riverside/,Riverfront,39.7345502,-75.5611485
Roding Valley,http://www.parkrun.org/rodingvalley/,Rickmansworth,51.638763,-0.474131
Rosliston,http://www.parkrun.org/rosliston/,Reigate Priory,51.2356692,-0.206361
Rostrevor,http://www.parkrun.org/rostrevor/,Roding Valley,51.6433208,0.0556611
Rother Valley,http://www.parkrun.org/rothervalley/,Rother Valley,53.337,-1.321
Rotherham,http://www.parkrun.org/rotherham/,Rotherham,53.4326035,-1.3635009
Roundhay,http://www.parkrun.org/roundhay/,Rushmere,54.4493518,-6.3906748
Roundshaw Downs,http://www.parkrun.org/roundshawdowns/,Rugby,48.3688876,-99.9962463
Royal Tunbridge Wells,http://www.parkrun.org/royaltunbridgewells/,Rushcliffe,52.8912108,-1.0209505
Rugby,http://www.parkrun.org/rugby/,Rushmoor,51.2711826,-0.7618473
Rushcliffe,http://www.parkrun.org/rushcliffe/,Scunthorpe,53.588646,-0.654413
Rushmere,http://www.parkrun.org/rushmere/,Rutland Water,52.666667,-0.666667
Rushmoor,http://www.parkrun.org/rushmoor/,Royal Tunbridge Wells,51.132377,0.263695
Rutland Water,http://www.parkrun.org/rutlandwater/,Roundhay,53.8305812,-1.5073744
Salisbury,http://www.parkrun.org/salisbury/,Salisbury,38.3606736,-75.5993692
Scunthorpe,http://www.parkrun.org/scunthorpe/,,,
Seaton,http://www.parkrun.org/seaton/,Sittingbourne,51.340402,0.731596
Sedgefield,http://www.parkrun.org/sedgefield/,Sherwood Pines,53.1674115,-1.0862141
Sewerby,http://www.parkrun.org/sewerby/,Shrewsbury,42.2959267,-71.7128471
Sheffield Castle,http://www.parkrun.org/sheffieldcastle/,Sheffield Castle,53.3843613,-1.4639856
Sheffield Hallam,http://www.parkrun.org/sheffieldhallam/,Shorne Woods,51.4036,0.42
Sheringham,http://www.parkrun.org/sheringham/,Sewerby,54.1034,-0.160991
Sherwood Pines,http://www.parkrun.org/sherwoodpines/,Sheffield Hallam,53.3790519,-1.4660659
Shipley Country,http://www.parkrun.org/shipleycountry/,Sheringham,52.944421,1.2109589
Shorne Woods,http://www.parkrun.org/shornewoods/,Seaton,50.7053134,-3.0718734
Shrewsbury,http://www.parkrun.org/shrewsbury/,Shipley Country,53.002117,-1.357099
Sittingbourne,http://www.parkrun.org/sittingbourne/,Sedgefield,35.1957944,-80.8626864
Skipton,http://www.parkrun.org/skipton/,Southampton,50.9097004,-1.4043509
South Manchester,http://www.parkrun.org/southmanchester/,Southport,33.921563,-78.0202677
South Oxhey,http://www.parkrun.org/southoxhey/,Springburn,55.887201,-4.230802
South Shields,http://www.parkrun.org/southshields/,South Manchester,53.4807593,-2.2426305
Southampton,http://www.parkrun.org/southampton/,South Shields,54.999424,-1.427406
Southend,http://www.parkrun.org/southend/,Skipton,53.9628495,-2.0162787
Southport,http://www.parkrun.org/southport/,Southwark,51.502781,-0.087738
Southsea,http://www.parkrun.org/southsea/,Southend,51.5459269,0.7077123
Southwark,http://www.parkrun.org/southwark/,Southwick Country Park,51.303466,-2.2348394
Southwick Country Park,http://www.parkrun.org/southwickcountrypark/,South Oxhey,51.622882,-0.384143
Springburn,http://www.parkrun.org/springburn/,Southsea,50.783565,-1.085559
St Albans,http://www.parkrun.org/stalbans/,Stevenage,51.903761,-0.196612
St Andrews,http://www.parkrun.org/standrews/,Strathclyde,55.8628285,-4.2428535
St Helens,http://www.parkrun.org/sthelens/,St Albans,38.9284816,-77.0718248
Stamford Park,http://www.parkrun.org/stamfordpark/,St Helens,45.8590111,-122.8158185
Stevenage,http://www.parkrun.org/stevenage/,Stratford-upon-Avon,52.19173,-1.708298
Stewart,http://www.parkrun.org/stewart/,Stonehouse,51.743881,-2.279028
Stonehaven,http://www.parkrun.org/stonehaven/,Stormont,54.6043124,-5.8327006
Stonehouse,http://www.parkrun.org/stonehouse/,Stonehaven,33.983977,-117.33191
Stormont,http://www.parkrun.org/stormont/,St Andrews,56.3397753,-2.7967214
Stratford-upon-Avon,http://www.parkrun.org/stratford-upon-avon/,Stamford Park,41.0513829,-73.5427419
Strathclyde,http://www.parkrun.org/strathclyde/,Strathclyde,55.8628285,-4.2428535
Stretford,http://www.parkrun.org/stretford/,Stretford,53.446622,-2.308713
Sunderland,http://www.parkrun.org/sunderland/,Tamar Lakes,50.8831428,-4.4385061
Swansea Bay,http://www.parkrun.org/swanseabay/,Tamar Trails,50.533793,-4.204437
Swindon,http://www.parkrun.org/swindon/,Sunderland,54.906869,-1.383801
Tamar Lakes,http://www.parkrun.org/tamarlakes/,Telford,52.678419,-2.445258
Tamar Trails,http://www.parkrun.org/tamartrails/,Swindon,51.5557739,-1.7797176
Tees Barrage,http://www.parkrun.org/teesbarrage/,Tewkesbury,51.992265,-2.15796
Telford,http://www.parkrun.org/telford/,Swansea Bay,51.5871418,-3.9006714
Temple Newsam,http://www.parkrun.org/templenewsam/,Temple Newsam,53.784362,-1.4596994
Tewkesbury,http://www.parkrun.org/tewkesbury/,Tees Barrage,54.5644886,-1.2862185
Thetford,http://www.parkrun.org/thetford/,Thurrock,51.4934557,0.3529197
Thurrock,http://www.parkrun.org/thurrock/,Thetford,52.412856,0.751657
Tilgate,http://www.parkrun.org/tilgate/,Tonbridge,51.195043,0.27568
Tollcross,http://www.parkrun.org/tollcross/,Trelissick,50.217037,-5.031983
Tonbridge,http://www.parkrun.org/tonbridge/,Tooting Common,51.4330024,-0.1442391
Tooting Common,http://www.parkrun.org/tootingcommon/,Upton Court,51.5046351,-0.5780979
Torbay Velopark,http://www.parkrun.org/torbayvelopark/,Torbay Velopark,50.423734,-3.564201
Trelissick,http://www.parkrun.org/trelissick/,Tilgate,51.101951,-0.1804068
Tring,http://www.parkrun.org/tring/,Valentines,36.5884815,-77.8299882
Upton Court,http://www.parkrun.org/uptoncourt/,Tring,51.796078,-0.655879
Valentines,http://www.parkrun.org/valentines/,Tollcross,55.8468647,-4.1809267
Valley,http://www.parkrun.org/valley/,Vogrie,55.8584478,-2.9927392
Victoria,http://www.parkrun.org/victoria/,Warrington,53.3900441,-2.5969501
Vogrie,http://www.parkrun.org/vogrie/,Watergrove,53.657222,-2.138056
Wakefield Thornes,http://www.parkrun.org/wakefieldthornes/,Wanstead Flats,51.558904,0.036322
Wallace,http://www.parkrun.org/wallace/,Walsall Arboretum,52.5812463,-1.9491357
Walsall Arboretum,http://www.parkrun.org/walsallarboretum/,Wakefield Thornes,53.668248,-1.4992743
Walthamstow,http://www.parkrun.org/walthamstow/,Walthamstow,51.5901769,-0.0173437
Wanstead Flats,http://www.parkrun.org/wansteadflats/,Valley,44.9204669,-115.7926381
Warrington,http://www.parkrun.org/warrington/,Waterworks,34.083879,-118.374455
Watergrove,http://www.parkrun.org/watergrove/,Victoria,48.4284207,-123.3656444
Waterworks,http://www.parkrun.org/waterworks/,Wallace,34.735724,-77.9952628
Wepre,http://www.parkrun.org/wepre/,Wepre,53.2175185,-3.0478423
Wetherby,http://www.parkrun.org/wetherby/,Weymouth,42.2180724,-70.9410356
Weymouth,http://www.parkrun.org/weymouth/,Wilmslow,53.328,-2.229409
Whitley Bay,http://www.parkrun.org/whitleybay/,Widnes,53.361024,-2.733637
Whitstable,http://www.parkrun.org/whitstable/,Whitstable,51.361047,1.024256
Widnes,http://www.parkrun.org/widnes/,Wetherby,53.927056,-1.384816
Wilmslow,http://www.parkrun.org/wilmslow/,Whitley Bay,55.046389,-1.4512989
Wimbledon Common,http://www.parkrun.org/wimbledoncommon/,Wimpole Estate,52.1409609,-0.0497825
Wimpole Estate,http://www.parkrun.org/wimpoleestate/,Wimbledon Common,51.4366449,-0.2335469
Winchester,http://www.parkrun.org/winchester/,Witton,52.514517,-1.883369
Witton,http://www.parkrun.org/witton/,Worcester,42.2625932,-71.8022934
Woking,http://www.parkrun.org/woking/,Woodhouse Moor,53.810843,-1.5610104
Wolverhampton,http://www.parkrun.org/wolverhampton/,Woodley,51.4516523,-0.902918
Woodbank,http://www.parkrun.org/woodbank/,Workington,54.643569,-3.542752
Woodhouse Moor,http://www.parkrun.org/woodhousemoor/,Wolverhampton,52.586973,-2.12882
Woodley,http://www.parkrun.org/woodley/,Woodbank,53.2612849,-6.11811
Worcester,http://www.parkrun.org/worcester/,Woking,51.316774,-0.5600349
Workington,http://www.parkrun.org/workington/,Winchester,39.1856597,-78.1633341
Wormwood Scrubs,http://www.parkrun.org/wormwoodscrubs/,Wormwood Scrubs,51.5169637,-0.2403418
Worsley Woods,http://www.parkrun.org/worsleywoods/,Worthing,50.81787,-0.372882
Worthing,http://www.parkrun.org/worthing/,Wycombe Rye,51.623387,-0.738624
Wotton,http://www.parkrun.org/wotton/,York,53.9599651,-1.0872979
Wycombe Rye,http://www.parkrun.org/wycomberye/,Wyre Forest,52.4038046,-2.2537632
Wyre Forest,http://www.parkrun.org/wyreforest/,Wythenshawe,53.401455,-2.2712861
Wythenshawe,http://www.parkrun.org/wythenshawe/,Wotton,51.638025,-2.351248
Yeovil Montacute,http://www.parkrun.org/yeovilmontacute/,Worsley Woods,53.5022452,-2.3797407
York,http://www.parkrun.org/york/,Yeovil Montacute,50.9473258,-2.7085141
